text,label,notes
"Jalen Brunson won 7 trophies this year: NBA Cup, NBA Cup MVP, Shooting Stars, Eastern Conference Finals trophy, Eastern Conference MVP, NBA Championship, and Finals MVP. Crazy when you see it all listed out. What an amazing year for the Captain Jalen Brunson.",reaction,
Bro lost to the Pacers in 2025 and took it personally.,reaction,
"Shooting Stars is a meme, but it's a great haul for the King of NY.",hot_take,Borderline between reaction and hot_take. I chose hot_take because it makes an evaluative claim about which trophies matter without much support.
I know CPOY is a regular season award but you know how clutch Brunson was during this run.,hot_take,
Yeah if there was CPO of the playoffs he would easily be the winner probably unanimously but OG might sneak a vote.,hot_take,
Don’t know if this will ever be repeated even by Brunson himself. Mad props to him for putting out a season for the ages with all the lights on him.,hot_take,Borderline between reaction and hot_take. I chose hot_take because it makes a broad prediction about rarity without evidence.
"It’s extremely difficult, but someone like Wemby could get league MVP, DPOY, Finals MVP, West finals MVP, and all star game winner and MVP because he tries the hardest there. Maybe the NBA cup awards too. Nonetheless very impressive from Brunson.",analysis,Borderline between analysis and hot_take. I chose analysis because it gives a specific scenario and explains how someone could repeat the achievement.
"Same Knicks haters in this sub. If Wemby or Luka won NBA Cup MVP, Conference MVP, and Finals MVP in one season, this post would have 40k upvotes. King of New York better than your favorite player and we’re going back to back.",hot_take,
We know no king but the King of New York.,low_effort_noise,
JB loves to win. Need a photo of him with all the hardware from the year.,reaction,
Captain Brunson. Watched him since Nova and you could always see this coming. Dude just has that it factor.,hot_take,
Ok but analytically he didn't win them.,hot_take,
7 trophies in one season is insane. Man carried the Knicks to the promised land and cleaned up every award along the way.,reaction,
No NVP tho.,low_effort_noise,
"You are correct, as no one has won NVP before.",low_effort_noise,
3 MVPs in a single season? My lord.,reaction,
Lol look at this loser not being able to bring home 3 point contest and skill challenge.,low_effort_noise,
So he beat Shai's 2025 haul.,hot_take,
The NBA has too many trophies.,hot_take,
They could just make it 1 and name it the Jalen Brunson.,low_effort_noise,
The only ones that matter are the championship and Finals MVP.,hot_take,
They all matter in some way chief.,hot_take,
"NBA cup matters a little bit I guess, players seem to give a shit. In the future it may have like 10 percent of the weight of a ring.",hot_take,"Borderline with analysis because it gives a reason, but the claim is speculative and loosely supported."
Grits n’ Gravy.,low_effort_noise,
Jalen Brunson is my trophy.,low_effort_noise,
The Brunson 7.,low_effort_noise,
There was an article written at this time that analyzed the position of every defensive player at all times compared to where they would optimally be standing. LeBron was the best in the league. He was always in the right spot for optimal defense. There's been a lot of revisionist history about how good he is at defense. He was amazing.,analysis,
"I remember a play in 2018 when he literally ran around the entire perimeter individually guarding Steph, Klay, and KD and then boxed out Draymond for the rebound.",analysis,
Luka can control the game with his offense and Wemby can control it with his defense. Prime LeBron could control both ends of the floor. Best offensive and defensive player in the league in my opinion during that time. Just a shame he never won DPOY.,analysis,"Borderline with hot_take, but I chose analysis because it compares specific two-way impact across players."
This LeBron was a defensive menace and when he and Wade were flying around blocking shots and jumping passing lanes it was downright scary to watch. Just great basketball.,reaction,
"I feel like it was game 3 or 4, but both teams played the most beautiful defense I've seen between two squads. Man, what a series.",reaction,
Johan Cruyff believed in Total Football where a player could play at all positions. LeBron is total basketball.,hot_take,
Should've been the DPOY over Gasol.,hot_take,
Voters didn't want to give him everything. Absolutely ridiculous that a one of a kind defender like LeBron never got his DPOY. Nobody can guard 1 to 5 like he could.,hot_take,
"The chase down blocks and freight train steals are more highlight worthy, but when LeBron switched out on a guard and really sat down in the stance was when he felt most defensively dominant to me. When they played the Bulls, he switched onto Rose in the fourth quarters, and the MVP getting to the rim against everyone was suddenly double pumping on the perimeter.",analysis,
"He had about an 8 to 10 minute stretch in game 6 where he played maybe the best basketball I've ever seen anyone play trying to get them back in the game. Scoring, guarding Tony Parker, blocking Duncan, losing headbands and then he was gassed.",analysis,
"The Spurs sagged off LeBron and went under screens and dared him to shoot, and he made them pay in Game 7. I still remember that Game 7 where LeBron and Battier combined for 11 of the Heat's 12 threes.",analysis,
"Miami Heat LeBron was truly a bad bad man. I say that as a Bulls fan, watching him guard D Rose in the 2010-11 ECF still gives me nightmares.",reaction,
"Bron 1-5, Wade 1-3, Bosh 3-5, the entire big three elite defensively. Obviously Bron at the forefront, but the other two being able to guard 3 positions really opened up the floor for what could be done defensively.",analysis,
"Everybody thinks of this Miami superteam because of their offensive power, but when they locked in on defense, they were really unbeatable.",hot_take,
"LeBron from 2012 to 2018 is the greatest basketball player in NBA history. A standard LeBron line in the playoffs could be something like 33, 9, and 8 while guarding 1 through 5. The perfect player.",analysis,"Borderline with hot_take, but I chose analysis because it gives a concrete production and defensive versatility basis."
"His records in the finals of being the only player to ever lead both teams in every statistical category is proof enough of this. In his prime, which was 2012 to 2018, he was the most versatile basketball player ever.",analysis,
"Many players could score a lot in a single game, but I think I have personally seen maybe only prime Rockets James Harden and Jimmy Butler in one finals game actually take over a game like LeBron. People get red hot, but LeBron would grind the game down and bet he can out execute you in the halfcourt.",analysis,
God damn I miss the days when the refs let players play real defense. This video looks like it came from a different league.,reaction,
That 2013 Heat run was unreal. LeBron guarding every position 1 to 5 is something we don't see enough of anymore. People focus on his offense but his defensive IQ that series was next level.,analysis,
Perfect player on both ends of the floor.,hot_take,
What a beast.,reaction,
The hand speed against Tim Duncan was unreal.,reaction,
"The Tony Parker and Duncan ones are the most impressive to me. Duncan is only about two inches taller than Bron, but Bron gives up several inches in wingspan. I also heard Bron was 270 to 280 here, which may have been slightly heavier than Duncan.",analysis,
Give me five LeBrons over five of anyone else.,hot_take,
"Prime Bron was a lockdown defender when he wanted or needed to be. Obviously he could not be that way all game and carry the offensive burden, but he was incredible.",analysis,
LeBron is the only player I could see playing every position.,hot_take,
"No one should be allowed to be that big, that strong, that fast, and that coordinated all at the same time.",reaction,
"Best version of LeBron, don't argue with me.",hot_take,
He is so good x5.,low_effort_noise,
"2016 had the best narrative accomplishment, but I think this season goes down as his absolute best. He still had the peak athleticism, but he had also refined rough edges like three point shooting and post ups.",analysis,
It looks less impressive when you see LeBron guarding Parker because it is such a mismatch. Just remember Parker got to the rim at will against the vast majority of people he matched up against.,analysis,
"I'm not saying Jordan was not amazing at defense, but the fact that he has a Defensive Player of the Year award and LeBron does not is a travesty from the historical perspective.",hot_take,
Danny Green's defense on LeBron was also exceptional whenever they matched up.,analysis,
Prime LeBron is as good as any basketball player ever.,hot_take,
Snatching a pass from the guy you're defending will never not be hilarious to me. Yoink.,low_effort_noise,
Might be the GOAT.,hot_take,
He was a great help and switch defender during his peak.,analysis,
This highlight reel reminds me that the Iguodala block made me forget how often we used to hear Blocked by James. He is one of 21 players to win 5 or more All NBA Defensive First Team selections and one of 5 such players with 10 or more All NBA First Team selections.,analysis,
Timmy flopping around out there.,low_effort_noise,
Man this hurts.,reaction,
The defensive footwork during the clip at 0:24 is so beautiful to watch.,reaction,
Peak LeBron guarding 1 to 5 is slept on in LeBron debates.,hot_take,
It is insane when people say 2017 or 2018 was his peak. 2013 LeBron was a monster.,hot_take,
"He was unfair, could guard 1 to 5 and create against 1 to 5, and could not be stopped on either end. He could go from guarding prime Derrick Rose to Tim Duncan and be faster and stronger than both.",analysis,
"Prime LeBron was a defensive menace. In his second Cleveland stint he still had it, but he often showed it only in clutch time or more important games. He would lock on to the opponent's best player and destroy them on defense.",analysis,
"Clips are dope but Parker averaged 24 points and shot 52 percent against Bron, with Bron checking him a lot of the game. There are more highlights of Parker scoring on Bron than Bron stopping Tony.",analysis,
"Tony Parker averaged 15.7 points per game in the 2013 Finals on 41, 28, and 72 shooting splits.",analysis,
Parker was terrible this series. Why did you think you could get this lie off?,hot_take,"Borderline with analysis because it responds to a stat claim, but the wording is mostly an unsupported attack."
I do not think anyone else can do this at this level. Prime LeBron is the best defender of all time.,hot_take,
I remember this year they were experimenting with digital models of plays and defensive schemes and how to optimize coverage and switches. Apparently LeBron was faster than the optimized simulations.,analysis,
"I get why people are so enamored with 2018 LeBron, especially in the Finals, and he was a better offensive player then. But as a complete player, 2013 Bron is his peak in my opinion: DPOY defense against any position, elite finishing, basketball IQ, and still the best shot creator in the playoffs.",analysis,
He was huge in 2013. Peak physically. Intentionally slimmed down to stay in the league longer when he got to Cleveland.,analysis,
That block on Splitter.,reaction,
Take me back.,reaction,
That was so all ball they did not have time to react and flop.,low_effort_noise,
"Most reasonable people would agree. Most of what is parroted on here is reactionary, hot take artists, and people who do not fully understand the complexities of the game and league.",hot_take,
"There is a perception that there is a transitive linear order between teams. Knicks defeated SAS and SAS defeated OKC, therefore NYK should defeat OKC. This is not necessarily the case. It is all about matchups. OKC could pose a totally different set of challenges to the Knicks offense.",analysis,
I actively rooted for SAS in the conference finals because I legitimately believed they were a better matchup for the Knicks. I still believe OKC would have given us a tougher series.,analysis,
"The reason people are being so much more harsh to SAS than OKC is because SAS lost more recently. People already had these conversations about OKC, but moved on because the Finals started.",analysis,
"After the WCF, everyone was saying the Spurs were set for a dynasty. Now, because they lost to a team that was basically built to counter them at the end of a long season, people are hyper-fixating on the weaknesses of the team.",analysis,
Their weaknesses basically amount to inexperience and lack of depth. Those are two of the easiest issues to fix for next season because the young guys can develop or they can add one or two veterans.,analysis,
"I think people are underestimating the power of the NYC market. Their NYC machine was going to go after whoever played the Knicks, and a lot of national neutral sports people are NYC based and lost their ability to stay truly neutral in their coverage.",analysis,Borderline with hot_take. I chose analysis because it gives a specific media-market explanation for the narrative.
"Remember when the Knicks lost to the Pacers last year? People were saying the KAT trade was wrong, giving up so many picks for Bridges was wrong, Hart is too short, his shooting is bad, and there is no bench help. You do not hear these problems once they won the championship.",analysis,
Hardly anyone is mentioning that Fox had been playing on a high ankle sprain throughout these finals. To be playing at the highest level as a starter with a high ankle sprain is ridiculous and he does not get enough credit for playing through it.,analysis,
"A lot of discourse is coming from the Spurs absolutely having the talent to win it all this year but ending up just short because of experience. If they got destroyed like LeBron in 2007, it would not be this much talking.",analysis,
"It was not just inexperience; it was the lack of depth coming from the bench. The starting five were good enough to beat the Knicks for entire halves, but whenever Wemby came off the floor, their efficiency dropped hard.",analysis,
The Spurs are getting torched for losing a series in five that they were favored to win with three of the six worst blown leads in Finals history.,analysis,
"They had the talent to win it all this year, but Fox not being what people hoped, Wemby not being as dominant as expected, and the team not knowing how to hold onto a lead cost them a title.",analysis,
"The Thunder had bad breaks with injuries, that is why they lost. The Spurs just blew a golden opportunity.",hot_take,"Borderline with analysis, but the conclusion is broad and strongly framed with limited explanation."
The OKC Thunder have already won a championship. Teams that have not gotten over the line yet always receive extra scrutiny because of how hard it is to even win one.,analysis,
"When a pendulum swings hard one direction, it is bound to swing equally hard the next. Two weeks ago the discourse was almost unanimous that the Spurs were going to wipe the floor with the Knicks, so the reaction after losing in five is intense.",analysis,
"I do not think anyone is pushing the panic button on either team. There have been reactionary trade Chet and Fox posts, but everyone believes the Spurs have their big three in Castle, Harper, and Wemby.",analysis,
The Spurs mistakes are just as much part of the Knicks win as the things the Knicks did right. Several games were close and only lost due to rookie mistakes at key points.,analysis,
I do not understand the trend on here to not just be happy that the team you were rooting for won. You also have to tear down the losing team.,hot_take,
"Those who speak like they are pushing a panic button never actually push a button of consequence in their life. Sports fandom will always have more irrational suggestions than rational ones, especially when emotion is still hot.",hot_take,
"Sports discourse tends to swing like a pendulum. Once a player gets overrated, people start overcorrecting in the opposite direction.",analysis,
"With the current healthy West, I still think it is a toss up between Spurs, Thunder, Wolves, Nuggets, and maybe even Lakers or Warriors. There is no panic button. Run it back and the current Spurs squad will be competitive through the whole playoffs.",analysis,
"Knicks fan here, I do not understand the negativity surrounding San Antonio. They are super young and way ahead of schedule, so it is ridiculous to expect them to be battle tested for the pressure they were facing.",analysis,
"Younger teams naturally get a ton of scrutiny when they start to have success, especially when they overperform expectations and are ahead of their expected timeline.",analysis,
"If the Spurs had lost to the Thunder or maybe even the Wolves, the takes might be different and focus more on the promise of Wemby, Harper, and Castle.",analysis,
Who is hitting the panic button on the Spurs? This season was as big of an overachievement as possible and they have the brightest future in the NBA.,hot_take,
"I have not seen people letting OKC off the hook or pushing the panic button for the Spurs. The general consensus is that they are young and have obvious issues to work out, but that they are fine.",analysis,
"Wanting Fox traded comes from a place of the Spurs having a player who is better than Fox and plays his position on the bench, while also wanting more opportunity for Harper.",analysis,
"I agree with everything except for Fox. If the Spurs have any opportunity to get off the contract without attaching a significant asset, they should jump at it.",hot_take,"Borderline with analysis, but this row is a forceful roster opinion before the later reasoning."
"Only 28 is not much of an argument for a hyper-athletic guard who is a below average shooter, and he will be 29 in December. I would want Harper to get the maximum number of reps possible at point guard.",analysis,
The Thunder were not healthy and were still within a hair of making the Finals. Perhaps people can see that is not a recipe for overreactions.,analysis,
Spurs lost in five. Thunder lost in seven with an All Star player injured and another key player injured.,analysis,
It is all stupid. Teams lose and commentators talk nonsense for attention. They want to blow up the top teams. So dumb.,hot_take,
"I'm not one to blame the coaches, but why did they not challenge Aliyah's fifth foul?",reaction,
The Fever reliably find a way to lose after a great beginning. They make it infuriating to remain a fan. Congrats to the Dream for wanting it more.,hot_take,
Most points in a game in franchise history without Bri Jones. What am I watching?,reaction,
"Yikes on bikes, Fever.",low_effort_noise,
Dream playing like this is scary for other teams.,hot_take,
The Dream never felt out of it after the Fever shot lights out in the first and only led by seven.,analysis,
"As a Fever fan, it is quite obvious the team is not gelling. They do not have team synchronicity like other top tier teams. The front office will need to do better and find a solution for next year. They will be fortunate to make the playoffs at this rate.",hot_take,"Borderline with analysis, but I chose hot_take because the claim is broad and mostly unsupported."
Atlanta starters had 95 points and Indiana starters had 62 points. That tells me Atlanta has the better roster and team right now. Indiana needs to figure it out and fight harder for 40 minutes.,analysis,
Pao Pao and Raven at the end there.,reaction,
"There will not be any trades for the Fever and any coaching change will not happen until the season is over. It is pathetic for the front office to waste prime years for Kelsey, Aliyah, and Caitlin.",hot_take,
"There is nothing Boston, Clark, or Mitchell can do to change the course of this season for the Fever. This team basically only has three starters, and you cannot win like that.",analysis,
My precious team has won three games in a row for the first time this season.,reaction,
Atlanta broke the win-win-loss streak. Everybody get in here.,reaction,
Fever are not going anywhere. Those three straight wins did not move me because I did not see anything that convinced me they could beat better teams.,hot_take,
"When they showed the Fever were 12 for 14 in the first quarter and were up by less than five, I knew they were in trouble. You cannot shoot like that forever.",analysis,
"I knew they were cooked when they did not keep Natasha Howard. They have stars, but she was the missing piece last year and took them to the next level.",hot_take,
Atlanta is a damn good team.,reaction,
"Fever are destined to be a .500 team. Good shooting game from Caitlin Clark, horrific turnovers, multiple starters in foul trouble, coaches refusing to call a timeout or challenge, and the front office will do absolutely nothing.",analysis,"Borderline with hot_take, but I chose analysis because it lists specific causes for the team problem."
Ty Harris played 14 minutes last game and 7 today. Raven played 3 minutes last game and 21 today. Timpson played 21 minutes last game and 4 today. That is a coach who does not know her rotations or players.,analysis,
Caitlin Clark's turnovers were not great and did not help morale. The defense needs a new scheme or they need to decide to outscore everyone. The coach needs to adjust and the front office needs to make moves.,analysis,
Go Dream. I finally figured out how to add you to my flair.,reaction,
Who is hitting the panic button on the Spurs? This season was as big of an overachievement as possible and they have the brightest future in the league.,hot_take,
"I agree with everything except for Fox. If they have any opportunity to get off the contract without attaching a significant asset, they should jump at it. He is a hyper-athletic guard who is a below average shooter and will be 29 in December.",analysis,
The Thunder were not healthy and were still within a hair of making the Finals. Maybe people can see that is not a recipe for overreactions.,hot_take,
That was the best block of all time by LeBron.,hot_take,
Nobody is ever allowed to call a series over when it is 3-1 ever again.,hot_take,
"Live by the three, die by the three.",hot_take,
"LeBron James, take a bow. Coming back from 3-1 against this Warriors team is incredible. They will make a 30 for 30 on this one day.",hot_take,
The much-maligned Kevin Love had the defensive possession of his life.,hot_take,
That block by LeBron on Iguodala at the end was a man willing his team to victory.,hot_take,
Imagine if LeBron actually made that dunk at the end.,reaction,
That clutch three at the end by Irving was huge. They finally did it. Wow.,reaction,
LeBron messed around and got a triple double.,reaction,
What a Game 7. What a season too.,reaction,
"Ten seconds left and up by four. It was all set up for Cleveland to lose in the most Cleveland way possible, but they actually held on.",reaction,
The curse is broken. I am free.,reaction,
My dad was a lifelong fan of Cleveland sports. I am so proud of Cleveland right now and I know he would be so happy.,reaction,
"Kyrie, I love you.",reaction,
"3-1 was brutal this season. OKC led it and now Golden State led it, and they both blew it.",reaction,
Cleveland actually won. By golly.,reaction,
"What if Varejao came out in Cavs gear right now and said, hey guys, what did I miss?",low_effort_noise,
"Good news Warriors fans, you can get a free Doritos Locos Taco because of your Game 4 win.",low_effort_noise,
Delly looks like that one fan who managed to sneak into the trophy ceremony and celebrate with the team.,low_effort_noise,
Kevin Love has never lost an NBA Finals Game 7.,low_effort_noise,
"Sorry Doris, I could not hear that backhanded question over all this championshiping.",low_effort_noise,
LeBron's wrist called series.,low_effort_noise,
"As a Cavs fan since 17 days ago, you have no idea how much this means to me.",low_effort_noise,
The LLLarriors.,low_effort_noise,
"Enjoy it, Cleveland. My Sixers are about to start their five-peat dynasty.",low_effort_noise,
Kevin Love wearing an Austin 3:16 shirt makes him way more rad to me as a wrestling fan.,low_effort_noise,
"73-9 is not bad, but 72-10 just has a better ring to it.",low_effort_noise,Borderline between low_effort_noise and hot_take. I chose low_effort_noise because it is mainly a joke built around the Warriors record.
"Curry and Thompson were 6 for 24 on threes. Full lowlights, what do?",low_effort_noise,
This was so rigged. Why did the NBA let my husband shoot 33 percent and 4 for 14 from three?,low_effort_noise,
The Larriors.,low_effort_noise,
Kevin Love in an Austin 3:16 shirt on SportsCenter is incredible.,low_effort_noise,
Amazing game.,reaction,
We were down six with 35 seconds left and we did not have possession.,reaction,
"Even the announcer said it was over, and then Marcus Smart promptly stole the ball.",reaction,
I turned it off. I am so mad at myself.,reaction,
Marcus Smart saved the day. It was such an amazing game and unbelievable to watch.,reaction,
I was so close to turning it off. I was literally folding up the iPad but caught the start of the turnaround.,reaction,
I turned the game off at that last LeBron turnover with about 40 seconds left. What happened?,reaction,
"Same. I checked the post-game thread and could not find it, but at least I caught the end of overtime.",reaction,
"Same, but luckily I had a buddy text me so I turned it back on. Unbelievable.",reaction,
Last time I did that was before Ray Allen hit the three. Maybe it is championship time.,reaction,
So many things had to go wrong for the Rockets in order for us to win. It is still insane how we pulled it off.,reaction,
I checked the score 40 minutes later and was shocked. I was explaining how crazy it was to someone who does not watch basketball.,reaction,
"I turned off the game at work, then saw my coworker watching overtime and was like, what is happening?",reaction,
My sixth grade teacher told me LeBron would be the greatest basketball player of all time back in 2003.,reaction,
I teach sixth grade and the kids always make fun of me when I say LeBron is still a top five player in the league.,reaction,
Bron's alley-oop to Bronny was all time.,reaction,
"Omg, I turned the game off too.",reaction,
"I feel like LeBron was out of gas, but then Marcus Smart saved the day.",reaction,
I was so shocked when I saw they were up in overtime.,reaction,
Dorian finna miss.,low_effort_noise,
Same.,low_effort_noise,
You know what this means.,low_effort_noise,
Goon was out there celebrating like they won the series already.,low_effort_noise,
Dude bugs.,low_effort_noise,
Bronny's game winning five point.,low_effort_noise,
Bronny outscored the Houston bench.,low_effort_noise,
LeBron James.,low_effort_noise,
God.,low_effort_noise,
He owes the team a discount for keeping his son around.,low_effort_noise,Borderline between hot_take and low_effort_noise. I chose low_effort_noise because it is mostly a snarky one-line joke.
Was she as hot as LeBron James?,low_effort_noise,
Dude really bugs.,low_effort_noise,
